{
    "name": "Global Information",
    "numberOfRequests": {
        "total": 100000,
        "ok": 99998,
        "ko": 2
    },
    "minResponseTime": {
        "total": 796,
        "ok": 796,
        "ko": 18230
    },
    "maxResponseTime": {
        "total": 29133,
        "ok": 29133,
        "ko": 19256
    },
    "meanResponseTime": {
        "total": 19672,
        "ok": 19672,
        "ko": 18743
    },
    "standardDeviation": {
        "total": 2727,
        "ok": 2727,
        "ko": 513
    },
    "percentiles1": {
        "total": 20814,
        "ok": 20815,
        "ko": 18743
    },
    "percentiles2": {
        "total": 21880,
        "ok": 21882,
        "ko": 19000
    },
    "percentiles3": {
        "total": 22419,
        "ok": 22419,
        "ko": 19205
    },
    "percentiles4": {
        "total": 24044,
        "ok": 24043,
        "ko": 19246
    },
    "group1": {
    "name": "t < 800 ms",
    "count": 20,
    "percentage": 0
},
    "group2": {
    "name": "800 ms < t < 1200 ms",
    "count": 2,
    "percentage": 0
},
    "group3": {
    "name": "t > 1200 ms",
    "count": 99976,
    "percentage": 100
},
    "group4": {
    "name": "failed",
    "count": 2,
    "percentage": 0
},
    "meanNumberOfRequestsPerSecond": {
        "total": 2631.5789473684213,
        "ok": 2631.5263157894738,
        "ko": 0.05263157894736842
    }
}